id,created_time,creator_id,modified_time,modifier_id,is_deleted,label_id,role_id
1,2023-12-06 22:37:39,0,2023-12-06 22:37:39,0,0,,
2,2023-12-16 11:42:53,1,2023-12-16 11:42:53,0,0,1.0,2.0
3,2023-12-16 11:43:03,1,2023-12-16 11:43:03,0,0,2.0,2.0
4,2023-12-16 11:43:17,1,2023-12-16 11:43:17,0,0,3.0,2.0
5,2023-12-16 11:43:50,1,2023-12-16 11:43:50,0,0,18.0,2.0
17,2023-12-16 12:50:26,1,2023-12-16 12:50:26,0,0,7.0,2.0
18,2023-12-16 12:50:30,1,2023-12-16 12:50:30,0,0,8.0,2.0
10,2023-12-16 11:59:31,1,2023-12-16 11:59:31,0,0,26.0,2.0
11,2023-12-16 11:59:41,1,2023-12-16 11:59:41,0,0,40.0,2.0
16,2023-12-16 12:50:23,1,2023-12-16 12:50:23,0,0,6.0,2.0
15,2023-12-16 12:46:21,1,2023-12-16 12:46:21,0,0,16.0,2.0
19,2023-12-17 14:52:03,1,2023-12-17 14:52:03,0,0,52.0,2.0
20,2023-12-17 14:53:44,1,2023-12-17 14:53:44,0,0,51.0,2.0
